{"cameraMode":{"drawMode":0,"name":"Shaded","section":"Shading Mode"},"sceneLighting":true,"audioPlay":false,"sceneViewState":{"m_AlwaysRefresh":false,"showFog":true,"showSkybox":true,"showFlares":true,"showImageEffects":true,"showParticleSystems":true,"showVisualEffectGraphs":true,"m_FxEnabled":true},"in2DMode":false,"pivot":{"x":0.2578277587890625,"y":-1.2209230661392213,"z":0.8801488876342773},"rotation":{"x":0.013765618205070496,"y":-0.9505318403244019,"z":0.30753645300865176,"w":0.04283683001995087},"size":2.7444028854370119,"orthographic":true}